sku,region,dc,on_hand_t,in_transit_t,safety_stock_t
ADD-AO2,APAC,DC-Singapore,84,10,30
ADD-AO2,EU,DC-Rotterdam,42,1,19
ADD-AO2,LATAM,DC-Sao-Paulo,29,4,12
ADD-AO2,NAM,DC-Houston,72,9,22
ADD-UV1,APAC,DC-Singapore,78,5,26
ADD-UV1,EU,DC-Rotterdam,35,8,16
ADD-UV1,LATAM,DC-Sao-Paulo,29,1,11
ADD-UV1,NAM,DC-Houston,46,6,17
EPX-200,APAC,DC-Singapore,438,1,299
EPX-200,EU,DC-Rotterdam,739,3,148
EPX-200,LATAM,DC-Sao-Paulo,268,46,104
EPX-200,NAM,DC-Houston,517,28,141
EPX-310,APAC,DC-Singapore,205,27,101
EPX-310,EU,DC-Rotterdam,144,29,61
EPX-310,LATAM,DC-Sao-Paulo,116,8,39
EPX-310,NAM,DC-Houston,188,11,62
POL-3000,APAC,DC-Singapore,833,152,309
POL-3000,EU,DC-Rotterdam,364,27,161
POL-3000,LATAM,DC-Sao-Paulo,360,28,113
POL-3000,NAM,DC-Houston,445,4,183
POL-5600,APAC,DC-Singapore,387,40,151
POL-5600,EU,DC-Rotterdam,240,14,94
POL-5600,LATAM,DC-Sao-Paulo,172,24,69
POL-5600,NAM,DC-Houston,269,29,84
PVC-K57,APAC,DC-Singapore,1134,173,396
PVC-K57,EU,DC-Rotterdam,401,29,181
PVC-K57,LATAM,DC-Sao-Paulo,336,30,163
PVC-K57,NAM,DC-Houston,725,38,218
PVC-K67,APAC,DC-Singapore,2568,37,816
PVC-K67,EU,DC-Rotterdam,1771,77,409
PVC-K67,LATAM,DC-Sao-Paulo,785,69,346
PVC-K67,NAM,DC-Houston,1351,123,471
SOL-BAC,APAC,DC-Singapore,1038,160,332
SOL-BAC,EU,DC-Rotterdam,562,111,213
SOL-BAC,LATAM,DC-Sao-Paulo,282,20,134
SOL-BAC,NAM,DC-Houston,577,70,226
SOL-MEK,APAC,DC-Singapore,1053,117,386
SOL-MEK,EU,DC-Rotterdam,911,42,285
SOL-MEK,LATAM,DC-Sao-Paulo,513,49,166
SOL-MEK,NAM,DC-Houston,827,50,312
SUR-AEO,APAC,DC-Singapore,468,40,195
SUR-AEO,EU,DC-Rotterdam,352,30,117
SUR-AEO,LATAM,DC-Sao-Paulo,190,35,86
SUR-AEO,NAM,DC-Houston,364,64,126
SUR-LAS,APAC,DC-Singapore,1068,138,395
SUR-LAS,EU,DC-Rotterdam,575,79,218
SUR-LAS,LATAM,DC-Sao-Paulo,354,10,137
SUR-LAS,NAM,DC-Houston,891,103,269
