week,pmi_nam,pmi_eu,pmi_apac,pmi_latam,brent_usd,construction_idx
2024-10-07,49.9,50.8,50.4,49.1,79.3,99.0
2024-10-14,49.6,50.8,50.3,49.3,80.9,99.8
2024-10-21,49.8,50.5,50.6,49.5,80.8,102.8
2024-10-28,50.0,50.4,50.2,49.4,82.4,101.9
2024-11-04,49.5,50.7,50.2,49.4,82.6,104.2
2024-11-11,49.1,50.2,50.1,49.2,81.5,103.0
2024-11-18,49.2,50.3,50.0,49.5,80.8,105.4
2024-11-25,49.1,50.4,50.3,49.2,79.1,104.6
2024-12-02,49.1,50.2,50.4,49.4,78.0,105.2
2024-12-09,48.8,49.8,50.8,49.3,77.6,106.9
2024-12-16,49.1,49.8,50.7,49.7,78.5,105.2
2024-12-23,49.3,49.7,50.5,49.9,80.6,104.9
2024-12-30,49.3,49.7,50.5,50.4,78.9,105.5
2025-01-06,49.6,49.7,50.6,50.6,79.4,106.5
2025-01-13,49.8,50.2,50.6,50.1,78.2,104.4
2025-01-20,49.5,50.1,50.3,50.1,78.7,106.5
2025-01-27,49.6,49.8,50.3,49.8,78.6,105.1
2025-02-03,49.4,49.9,50.4,49.7,76.4,106.5
2025-02-10,49.6,49.9,51.1,50.1,77.5,102.5
2025-02-17,49.6,50.3,51.6,50.3,76.8,103.7
2025-02-24,49.5,50.6,51.4,50.1,76.1,102.3
2025-03-03,49.4,50.7,51.3,49.8,74.8,102.6
2025-03-10,49.7,51.1,50.9,49.8,74.0,103.0
2025-03-17,49.7,50.7,50.7,49.4,74.6,101.9
2025-03-24,49.5,50.6,50.8,49.3,74.3,101.2
2025-03-31,49.4,50.3,51.2,49.3,74.7,100.6
2025-04-07,49.6,50.2,50.9,49.7,75.2,100.2
2025-04-14,49.7,49.8,50.8,49.8,76.7,98.3
2025-04-21,49.8,50.0,50.2,49.2,76.3,99.3
2025-04-28,49.9,49.9,50.1,49.3,74.6,98.5
2025-05-05,50.5,49.5,49.8,49.3,75.8,97.6
2025-05-12,50.4,49.2,49.7,49.4,75.4,97.1
2025-05-19,50.3,49.3,49.4,49.9,76.8,96.3
2025-05-26,50.0,49.5,49.4,49.3,77.2,97.5
2025-06-02,50.2,50.1,48.9,49.1,77.1,95.0
2025-06-09,50.5,50.9,48.5,49.3,77.5,94.4
2025-06-16,50.5,51.0,49.1,48.9,79.8,93.6
2025-06-23,50.3,50.8,48.7,49.3,82.3,93.1
2025-06-30,50.0,50.2,48.4,49.4,82.4,92.8
2025-07-07,50.2,50.2,48.9,49.6,82.6,93.1
2025-07-14,50.4,50.0,49.8,49.4,83.9,94.0
2025-07-21,50.6,49.9,49.4,49.7,82.9,94.5
2025-07-28,50.4,49.7,49.3,50.0,83.3,94.4
2025-08-04,50.4,49.7,49.4,50.0,83.3,93.9
2025-08-11,50.5,50.0,49.9,50.1,83.6,96.0
2025-08-18,50.5,50.0,49.6,50.2,82.6,96.2
2025-08-25,50.8,50.0,49.6,49.9,80.7,95.9
2025-09-01,50.8,49.7,49.8,49.9,78.2,95.9
2025-09-08,51.0,49.2,49.9,49.9,76.9,97.8
2025-09-15,51.1,49.1,49.8,50.0,76.4,98.1
2025-09-22,51.1,49.1,49.8,50.2,76.0,97.1
2025-09-29,51.3,49.6,49.4,49.9,78.3,99.2
2025-10-06,50.9,49.6,49.3,49.9,79.7,100.3
2025-10-13,50.8,49.9,49.2,50.3,78.5,99.8
2025-10-20,50.7,49.7,49.3,50.1,78.9,101.6
2025-10-27,50.5,49.4,49.1,49.9,78.4,100.7
2025-11-03,50.4,49.1,49.3,49.9,78.1,104.1
2025-11-10,50.8,48.9,49.6,50.2,78.3,104.7
2025-11-17,50.6,49.5,49.6,50.2,79.1,103.7
2025-11-24,50.9,49.3,49.7,50.6,78.6,104.9
2025-12-01,50.4,49.5,49.7,50.8,79.9,102.5
2025-12-08,50.3,49.3,49.7,51.0,78.5,104.2
2025-12-15,50.4,49.5,49.5,51.2,78.6,105.3
2025-12-22,50.5,49.7,49.6,51.8,81.7,104.8
2025-12-29,50.7,49.6,49.6,51.8,81.9,106.7
2026-01-05,50.9,49.6,50.2,51.2,83.7,108.0
2026-01-12,50.8,49.4,50.6,51.7,83.8,104.8
2026-01-19,50.7,49.5,50.7,51.5,84.5,105.0
2026-01-26,51.0,49.4,50.5,51.6,84.4,105.8
2026-02-02,50.9,49.1,50.2,51.9,84.2,106.9
2026-02-09,50.5,48.7,50.5,51.5,83.3,103.7
2026-02-16,50.2,48.8,50.6,51.1,83.8,104.7
2026-02-23,50.0,49.2,50.7,50.7,82.8,105.8
2026-03-02,50.1,49.2,50.2,50.5,83.6,101.8
2026-03-09,50.1,49.2,50.5,50.6,84.9,101.5
2026-03-16,50.3,49.3,50.6,50.7,85.3,101.7
2026-03-23,50.2,49.7,50.3,50.8,85.0,100.9
2026-03-30,50.3,49.7,50.2,50.4,85.5,101.5
2026-04-06,50.4,49.6,50.2,49.8,85.1,100.2
2026-04-13,50.4,49.9,50.3,49.8,86.2,97.5
2026-04-20,50.5,50.0,50.2,49.7,84.1,99.1
2026-04-27,50.3,50.5,50.2,49.8,83.6,97.3
2026-05-04,50.2,50.5,50.1,50.0,81.3,98.5
2026-05-11,50.1,50.2,50.1,50.0,79.5,96.0
2026-05-18,49.8,49.8,50.5,50.2,81.1,95.4
2026-05-25,49.9,50.3,49.8,50.3,82.2,96.1
2026-06-01,49.8,50.7,49.8,50.4,81.3,95.8
2026-06-08,49.8,50.7,49.8,50.2,79.5,95.1
2026-06-15,49.9,50.6,49.9,50.2,76.0,92.7
2026-06-22,50.0,51.0,49.8,50.3,75.3,94.7
2026-06-29,50.2,50.7,49.3,50.5,78.2,93.0
2026-07-06,50.2,50.4,49.4,50.4,78.7,94.2
2026-07-13,50.1,50.6,49.9,50.5,78.1,92.6
2026-07-20,50.0,50.5,49.4,50.4,78.6,94.6
2026-07-27,49.6,50.2,50.2,50.4,76.7,93.6
2026-08-03,49.2,49.8,50.6,50.6,76.4,93.4
2026-08-10,48.8,49.5,51.1,50.1,76.5,95.8
2026-08-17,48.5,49.6,51.3,49.7,76.4,95.8
2026-08-24,48.6,49.2,51.7,49.3,77.3,95.4
2026-08-31,48.4,49.1,52.5,48.7,77.8,98.0
2026-09-07,48.3,48.1,53.2,48.5,78.6,96.8
2026-09-14,48.6,47.8,54.2,48.7,77.7,97.9
2026-09-21,48.5,47.2,55.0,48.6,78.8,98.8
2026-09-28,48.7,46.5,55.6,48.6,80.8,98.7
